shot,match,tournament,round,date,attacker_team,gk_team,attacker,goalkeeper,goal,missed,saved,shot_order,take_first,FT_goals,neutral_stadium,attacker_home,could_win,must_survive,running_score,running_dif,match_winner,game_data,additional
659,69,CA,3rdplace,28-Jul-2001,Uruguay,Honduras,Gonzalo Sorondo,Henry Enamorado,1.0,0.0,0.0,1.0,1.0,2.0,1.0,0.0,0.0,0,0.0,0.0,0,https://www.transfermarkt.us/spielbericht/index/spielbericht/1022263,https://www.youtube.com/watch?v=uHEqBjLyLPo
660,69,CA,3rdplace,28-Jul-2001,Uruguay,Honduras,Carlos Gutierrez,Henry Enamorado,0.0,0.0,1.0,2.0,1.0,2.0,1.0,0.0,0.0,0,1.0,0.0,0,https://www.transfermarkt.us/spielbericht/index/spielbericht/1022263,https://www.youtube.com/watch?v=uHEqBjLyLPo
661,69,CA,3rdplace,28-Jul-2001,Uruguay,Honduras,Julio Rodriguez,Henry Enamorado,1.0,0.0,0.0,3.0,1.0,2.0,1.0,0.0,0.0,0,1.0,-1.0,0,https://www.transfermarkt.us/spielbericht/index/spielbericht/1022263,https://www.youtube.com/watch?v=uHEqBjLyLPo
662,69,CA,3rdplace,28-Jul-2001,Uruguay,Honduras,Rodrigo Lemos,Henry Enamorado,1.0,0.0,0.0,4.0,1.0,2.0,1.0,0.0,0.0,0,2.0,-1.0,0,https://www.transfermarkt.us/spielbericht/index/spielbericht/1022263,https://www.youtube.com/watch?v=uHEqBjLyLPo
663,69,CA,3rdplace,28-Jul-2001,Uruguay,Honduras,Ruben Olivera,Henry Enamorado,1.0,0.0,0.0,5.0,1.0,2.0,1.0,0.0,0.0,1,3.0,-1.0,0,https://www.transfermarkt.us/spielbericht/index/spielbericht/1022263,https://www.youtube.com/watch?v=uHEqBjLyLPo
664,69,CA,3rdplace,28-Jul-2001,Honduras,Uruguay,Reynaldo Pineda,Adrian Berbia,1.0,0.0,0.0,1.0,0.0,2.0,1.0,0.0,0.0,0,0.0,-1.0,1,https://www.transfermarkt.us/spielbericht/index/spielbericht/1022263,https://www.youtube.com/watch?v=uHEqBjLyLPo
665,69,CA,3rdplace,28-Jul-2001,Honduras,Uruguay,Saul Martinez,Adrian Berbia,1.0,0.0,0.0,2.0,0.0,2.0,1.0,0.0,0.0,0,1.0,0.0,1,https://www.transfermarkt.us/spielbericht/index/spielbericht/1022263,https://www.youtube.com/watch?v=uHEqBjLyLPo
666,69,CA,3rdplace,28-Jul-2001,Honduras,Uruguay,Ricky Garcia,Adrian Berbia,1.0,0.0,0.0,3.0,0.0,2.0,1.0,0.0,0.0,0,2.0,0.0,1,https://www.transfermarkt.us/spielbericht/index/spielbericht/1022263,https://www.youtube.com/watch?v=uHEqBjLyLPo
667,69,CA,3rdplace,28-Jul-2001,Honduras,Uruguay,Ninrrol Medina,Adrian Berbia,1.0,0.0,0.0,4.0,0.0,2.0,1.0,0.0,0.0,0,3.0,0.0,1,https://www.transfermarkt.us/spielbericht/index/spielbericht/1022263,https://www.youtube.com/watch?v=uHEqBjLyLPo
668,69,CA,3rdplace,28-Jul-2001,Honduras,Uruguay,Junior Izaguirre,Adrian Berbia,1.0,0.0,0.0,5.0,0.0,2.0,1.0,0.0,1.0,0,4.0,0.0,1,https://www.transfermarkt.us/spielbericht/index/spielbericht/1022263,https://www.youtube.com/watch?v=uHEqBjLyLPo
1372,136,AC,quarter,4-Feb-2006,Nigeria,Tunisia,Joseph Yobo,Ali Boumnijel,0.0,0.0,1.0,1.0,1.0,1.0,1.0,0.0,0.0,0,0.0,0.0,1,https://www.transfermarkt.com/spielbericht/index/spielbericht/1053033,https://www.youtube.com/watch?v=2Yb4uvmk4hg
1373,136,AC,quarter,4-Feb-2006,Nigeria,Tunisia,Taye Taiwo,Ali Boumnijel,1.0,0.0,0.0,2.0,1.0,1.0,1.0,0.0,0.0,0,0.0,-1.0,1,https://www.transfermarkt.com/spielbericht/index/spielbericht/1053033,https://www.youtube.com/watch?v=2Yb4uvmk4hg
1374,136,AC,quarter,4-Feb-2006,Nigeria,Tunisia,Ayila Yussuf,Ali Boumnijel,0.0,1.0,0.0,3.0,1.0,1.0,1.0,0.0,0.0,0,1.0,-1.0,1,https://www.transfermarkt.com/spielbericht/index/spielbericht/1053033,https://www.youtube.com/watch?v=2Yb4uvmk4hg
1375,136,AC,quarter,4-Feb-2006,Nigeria,Tunisia,Victor Obinna,Ali Boumnijel,1.0,0.0,0.0,4.0,1.0,1.0,1.0,0.0,0.0,0,1.0,-1.0,1,https://www.transfermarkt.com/spielbericht/index/spielbericht/1053033,https://www.youtube.com/watch?v=2Yb4uvmk4hg
1376,136,AC,quarter,4-Feb-2006,Nigeria,Tunisia,Obafemi Martins,Ali Boumnijel,1.0,0.0,0.0,5.0,1.0,1.0,1.0,0.0,0.0,0,2.0,0.0,1,https://www.transfermarkt.com/spielbericht/index/spielbericht/1053033,https://www.youtube.com/watch?v=2Yb4uvmk4hg
1377,136,AC,quarter,4-Feb-2006,Nigeria,Tunisia,Mikel John Obi,Ali Boumnijel,1.0,0.0,0.0,6.0,1.0,1.0,1.0,0.0,0.0,0,3.0,0.0,1,https://www.transfermarkt.com/spielbericht/index/spielbericht/1053033,https://www.youtube.com/watch?v=2Yb4uvmk4hg
1378,136,AC,quarter,4-Feb-2006,Nigeria,Tunisia,Vincent Enyeama,Ali Boumnijel,1.0,0.0,0.0,7.0,1.0,1.0,1.0,0.0,0.0,0,4.0,0.0,1,https://www.transfermarkt.com/spielbericht/index/spielbericht/1053033,https://www.youtube.com/watch?v=2Yb4uvmk4hg
1379,136,AC,quarter,4-Feb-2006,Nigeria,Tunisia,Nwankwo Kanu,Ali Boumnijel,1.0,0.0,0.0,8.0,1.0,1.0,1.0,0.0,0.0,0,5.0,0.0,1,https://www.transfermarkt.com/spielbericht/index/spielbericht/1053033,https://www.youtube.com/watch?v=2Yb4uvmk4hg
1380,136,AC,quarter,4-Feb-2006,Tunisia,Nigeria,Hamed Namouchi,Vincent Enyeama,1.0,0.0,0.0,1.0,0.0,1.0,1.0,0.0,0.0,0,0.0,0.0,0,https://www.transfermarkt.com/spielbericht/index/spielbericht/1053033,https://www.youtube.com/watch?v=2Yb4uvmk4hg
1381,136,AC,quarter,4-Feb-2006,Tunisia,Nigeria,Haykel Gmamdia,Vincent Enyeama,1.0,0.0,0.0,2.0,0.0,1.0,1.0,0.0,0.0,0,1.0,0.0,0,https://www.transfermarkt.com/spielbericht/index/spielbericht/1053033,https://www.youtube.com/watch?v=2Yb4uvmk4hg
1382,136,AC,quarter,4-Feb-2006,Tunisia,Nigeria,Adel Chedli,Vincent Enyeama,0.0,0.0,1.0,3.0,0.0,1.0,1.0,0.0,0.0,0,2.0,1.0,0,https://www.transfermarkt.com/spielbericht/index/spielbericht/1053033,https://www.youtube.com/watch?v=2Yb4uvmk4hg
1383,136,AC,quarter,4-Feb-2006,Tunisia,Nigeria,Selim Benachour,Vincent Enyeama,0.0,0.0,1.0,4.0,0.0,1.0,1.0,0.0,0.0,0,2.0,0.0,0,https://www.transfermarkt.com/spielbericht/index/spielbericht/1053033,https://www.youtube.com/watch?v=2Yb4uvmk4hg
1384,136,AC,quarter,4-Feb-2006,Tunisia,Nigeria,Clayton,Vincent Enyeama,1.0,0.0,0.0,5.0,0.0,1.0,1.0,0.0,0.0,1,2.0,-1.0,0,https://www.transfermarkt.com/spielbericht/index/spielbericht/1053033,https://www.youtube.com/watch?v=2Yb4uvmk4hg
1385,136,AC,quarter,4-Feb-2006,Tunisia,Nigeria,Ali Boumnijel,Vincent Enyeama,1.0,0.0,0.0,6.0,0.0,1.0,1.0,0.0,0.0,1,3.0,-1.0,0,https://www.transfermarkt.com/spielbericht/index/spielbericht/1053033,https://www.youtube.com/watch?v=2Yb4uvmk4hg
1386,136,AC,quarter,4-Feb-2006,Tunisia,Nigeria,Amir Haj Massaoud,Vincent Enyeama,1.0,0.0,0.0,7.0,0.0,1.0,1.0,0.0,0.0,1,4.0,-1.0,0,https://www.transfermarkt.com/spielbericht/index/spielbericht/1053033,https://www.youtube.com/watch?v=2Yb4uvmk4hg
1387,136,AC,quarter,4-Feb-2006,Tunisia,Nigeria,Riadh Bouazizi,Vincent Enyeama,0.0,0.0,1.0,8.0,0.0,1.0,1.0,0.0,0.0,1,5.0,-1.0,0,https://www.transfermarkt.com/spielbericht/index/spielbericht/1053033,https://www.youtube.com/watch?v=2Yb4uvmk4hg
1417,140,AC,final,12-Feb-2012,Ivory Coast,Zambia,Cheik Tiote,Kennedy Mweene,1.0,0.0,0.0,1.0,1.0,0.0,1.0,0.0,0.0,0,0.0,0.0,0,https://www.transfermarkt.com/spielbericht/index/spielbericht/1184472,https://www.youtube.com/watch?v=t_dCOkETvu0
1418,140,AC,final,12-Feb-2012,Ivory Coast,Zambia,Wilfred Bony,Kennedy Mweene,1.0,0.0,0.0,2.0,1.0,0.0,1.0,0.0,0.0,0,1.0,0.0,0,https://www.transfermarkt.com/spielbericht/index/spielbericht/1184472,https://www.youtube.com/watch?v=t_dCOkETvu0
1419,140,AC,final,12-Feb-2012,Ivory Coast,Zambia,Sol Bamba,Kennedy Mweene,1.0,0.0,0.0,3.0,1.0,0.0,1.0,0.0,0.0,0,2.0,0.0,0,https://www.transfermarkt.com/spielbericht/index/spielbericht/1184472,https://www.youtube.com/watch?v=t_dCOkETvu0
1420,140,AC,final,12-Feb-2012,Ivory Coast,Zambia,Max Gradel,Kennedy Mweene,1.0,0.0,0.0,4.0,1.0,0.0,1.0,0.0,0.0,0,3.0,0.0,0,https://www.transfermarkt.com/spielbericht/index/spielbericht/1184472,https://www.youtube.com/watch?v=t_dCOkETvu0
1421,140,AC,final,12-Feb-2012,Ivory Coast,Zambia,Didier Drogba,Kennedy Mweene,1.0,0.0,0.0,5.0,1.0,0.0,1.0,0.0,0.0,0,4.0,0.0,0,https://www.transfermarkt.com/spielbericht/index/spielbericht/1184472,https://www.youtube.com/watch?v=t_dCOkETvu0
1422,140,AC,final,12-Feb-2012,Ivory Coast,Zambia,Siaka Tiene,Kennedy Mweene,1.0,0.0,0.0,6.0,1.0,0.0,1.0,0.0,0.0,0,5.0,0.0,0,https://www.transfermarkt.com/spielbericht/index/spielbericht/1184472,https://www.youtube.com/watch?v=t_dCOkETvu0
1423,140,AC,final,12-Feb-2012,Ivory Coast,Zambia,Didier Ya Konan,Kennedy Mweene,1.0,0.0,0.0,7.0,1.0,0.0,1.0,0.0,0.0,0,6.0,0.0,0,https://www.transfermarkt.com/spielbericht/index/spielbericht/1184472,https://www.youtube.com/watch?v=t_dCOkETvu0
1424,140,AC,final,12-Feb-2012,Ivory Coast,Zambia,Kolo Toure,Kennedy Mweene,0.0,0.0,1.0,8.0,1.0,0.0,1.0,0.0,0.0,0,7.0,0.0,0,https://www.transfermarkt.com/spielbericht/index/spielbericht/1184472,https://www.youtube.com/watch?v=t_dCOkETvu0
1425,140,AC,final,12-Feb-2012,Ivory Coast,Zambia,Gervinho,Kennedy Mweene,0.0,1.0,0.0,9.0,1.0,0.0,1.0,0.0,0.0,0,7.0,0.0,0,https://www.transfermarkt.com/spielbericht/index/spielbericht/1184472,https://www.youtube.com/watch?v=t_dCOkETvu0
1426,140,AC,final,12-Feb-2012,Zambia,Ivory Coast,Christopher Katongo,Boubacar Copa,1.0,0.0,0.0,1.0,0.0,0.0,1.0,0.0,0.0,0,0.0,-1.0,1,https://www.transfermarkt.com/spielbericht/index/spielbericht/1184472,https://www.youtube.com/watch?v=t_dCOkETvu0
1427,140,AC,final,12-Feb-2012,Zambia,Ivory Coast,Emmanuel Mayuka,Boubacar Copa,1.0,0.0,0.0,2.0,0.0,0.0,1.0,0.0,0.0,0,1.0,-1.0,1,https://www.transfermarkt.com/spielbericht/index/spielbericht/1184472,https://www.youtube.com/watch?v=t_dCOkETvu0
1428,140,AC,final,12-Feb-2012,Zambia,Ivory Coast,Isaac Chansa,Boubacar Copa,1.0,0.0,0.0,3.0,0.0,0.0,1.0,0.0,0.0,0,2.0,-1.0,1,https://www.transfermarkt.com/spielbericht/index/spielbericht/1184472,https://www.youtube.com/watch?v=t_dCOkETvu0
1429,140,AC,final,12-Feb-2012,Zambia,Ivory Coast,Felix Katongo,Boubacar Copa,1.0,0.0,0.0,4.0,0.0,0.0,1.0,0.0,0.0,0,3.0,-1.0,1,https://www.transfermarkt.com/spielbericht/index/spielbericht/1184472,https://www.youtube.com/watch?v=t_dCOkETvu0
1430,140,AC,final,12-Feb-2012,Zambia,Ivory Coast,Kennedy Mweene,Boubacar Copa,1.0,0.0,0.0,5.0,0.0,0.0,1.0,0.0,0.0,1,4.0,-1.0,1,https://www.transfermarkt.com/spielbericht/index/spielbericht/1184472,https://www.youtube.com/watch?v=t_dCOkETvu0
1431,140,AC,final,12-Feb-2012,Zambia,Ivory Coast,Nathan Sinkala,Boubacar Copa,1.0,0.0,0.0,6.0,0.0,0.0,1.0,0.0,0.0,1,5.0,-1.0,1,https://www.transfermarkt.com/spielbericht/index/spielbericht/1184472,https://www.youtube.com/watch?v=t_dCOkETvu0
1432,140,AC,final,12-Feb-2012,Zambia,Ivory Coast,Chisamba Lungu,Boubacar Copa,1.0,0.0,0.0,7.0,0.0,0.0,1.0,0.0,0.0,1,6.0,-1.0,1,https://www.transfermarkt.com/spielbericht/index/spielbericht/1184472,https://www.youtube.com/watch?v=t_dCOkETvu0
1433,140,AC,final,12-Feb-2012,Zambia,Ivory Coast,Rainford Kalaba,Boubacar Copa,0.0,1.0,0.0,8.0,0.0,0.0,1.0,0.0,1.0,0,7.0,0.0,1,https://www.transfermarkt.com/spielbericht/index/spielbericht/1184472,https://www.youtube.com/watch?v=t_dCOkETvu0
1434,140,AC,final,12-Feb-2012,Zambia,Ivory Coast,Stoppila Sunzu,Boubacar Copa,1.0,0.0,0.0,9.0,0.0,0.0,1.0,0.0,1.0,0,7.0,0.0,1,https://www.transfermarkt.com/spielbericht/index/spielbericht/1184472,https://www.youtube.com/watch?v=t_dCOkETvu0
2158,209,LI,last16,11-May-2000,Penarol,Palmeiras,Pablo Bengoechea,Marcos,1.0,0.0,0.0,1.0,1.0,1.0,0.0,0.0,0.0,0,0.0,0.0,0,https://www.transfermarkt.com/spielbericht/index/spielbericht/3296740,https://www.youtube.com/watch?v=abHJQqlC4sE
2159,209,LI,last16,11-May-2000,Penarol,Palmeiras,Antonio Pacheco,Marcos,0.0,1.0,0.0,2.0,1.0,1.0,0.0,0.0,0.0,0,1.0,0.0,0,https://www.transfermarkt.com/spielbericht/index/spielbericht/3296740,https://www.youtube.com/watch?v=abHJQqlC4sE
2160,209,LI,last16,11-May-2000,Penarol,Palmeiras,Oscar Aguirregaray,Marcos,0.0,0.0,1.0,3.0,1.0,1.0,0.0,0.0,0.0,0,1.0,0.0,0,https://www.transfermarkt.com/spielbericht/index/spielbericht/3296740,https://www.youtube.com/watch?v=abHJQqlC4sE
2161,209,LI,last16,11-May-2000,Penarol,Palmeiras,Carlos Bueno,Marcos,1.0,0.0,0.0,4.0,1.0,1.0,0.0,0.0,0.0,0,1.0,-1.0,0,https://www.transfermarkt.com/spielbericht/index/spielbericht/3296740,https://www.youtube.com/watch?v=abHJQqlC4sE
2162,209,LI,last16,11-May-2000,Penarol,Palmeiras,Gabriel Cedres,Marcos,0.0,0.0,1.0,5.0,1.0,1.0,0.0,0.0,0.0,1,2.0,-1.0,0,https://www.transfermarkt.com/spielbericht/index/spielbericht/3296740,https://www.youtube.com/watch?v=abHJQqlC4sE
2163,209,LI,last16,11-May-2000,Palmeiras,Penarol,Marcelo Ramos,Federico Elduayen,1.0,0.0,0.0,1.0,0.0,3.0,0.0,1.0,0.0,0,0.0,-1.0,1,https://www.transfermarkt.com/spielbericht/index/spielbericht/3296740,https://www.youtube.com/watch?v=abHJQqlC4sE
2164,209,LI,last16,11-May-2000,Palmeiras,Penarol,Euller,Federico Elduayen,0.0,0.0,1.0,2.0,0.0,3.0,0.0,1.0,0.0,0,1.0,0.0,1,https://www.transfermarkt.com/spielbericht/index/spielbericht/3296740,https://www.youtube.com/watch?v=abHJQqlC4sE
2165,209,LI,last16,11-May-2000,Palmeiras,Penarol,Alex,Federico Elduayen,1.0,0.0,0.0,3.0,0.0,3.0,0.0,1.0,0.0,0,1.0,0.0,1,https://www.transfermarkt.com/spielbericht/index/spielbericht/3296740,https://www.youtube.com/watch?v=abHJQqlC4sE
2166,209,LI,last16,11-May-2000,Palmeiras,Penarol,Rogerio,Federico Elduayen,1.0,0.0,0.0,4.0,0.0,3.0,0.0,1.0,0.0,0,2.0,0.0,1,https://www.transfermarkt.com/spielbericht/index/spielbericht/3296740,https://www.youtube.com/watch?v=abHJQqlC4sE
2448,240,LI,last16,13-May-2009,Palmeiras,Sport Recife,Mozart,Magrao,0.0,0.0,1.0,1.0,1.0,0.0,0.0,0.0,0.0,0,0.0,0.0,1,https://www.transfermarkt.com/spielbericht/index/spielbericht/945590,https://www.youtube.com/watch?v=bLH3X4Ug0nk
2449,240,LI,last16,13-May-2009,Palmeiras,Sport Recife,Marcao,Magrao,1.0,0.0,0.0,2.0,1.0,0.0,0.0,0.0,0.0,0,0.0,0.0,1,https://www.transfermarkt.com/spielbericht/index/spielbericht/945590,https://www.youtube.com/watch?v=bLH3X4Ug0nk
2450,240,LI,last16,13-May-2009,Palmeiras,Sport Recife,Danilo,Magrao,1.0,0.0,0.0,3.0,1.0,0.0,0.0,0.0,0.0,0,1.0,0.0,1,https://www.transfermarkt.com/spielbericht/index/spielbericht/945590,https://www.youtube.com/watch?v=bLH3X4Ug0nk
2451,240,LI,last16,13-May-2009,Palmeiras,Sport Recife,Pablo Armero,Magrao,1.0,0.0,0.0,4.0,1.0,0.0,0.0,0.0,0.0,0,2.0,1.0,1,https://www.transfermarkt.com/spielbericht/index/spielbericht/945590,https://www.youtube.com/watch?v=bLH3X4Ug0nk
2452,240,LI,last16,13-May-2009,Sport Recife,Palmeiras,Luciano Henrique,Marcos,0.0,0.0,1.0,1.0,0.0,1.0,0.0,1.0,0.0,0,0.0,0.0,0,https://www.transfermarkt.com/spielbericht/index/spielbericht/945590,https://www.youtube.com/watch?v=bLH3X4Ug0nk
2453,240,LI,last16,13-May-2009,Sport Recife,Palmeiras,Igor,Marcos,1.0,0.0,0.0,2.0,0.0,1.0,0.0,1.0,0.0,0,0.0,-1.0,0,https://www.transfermarkt.com/spielbericht/index/spielbericht/945590,https://www.youtube.com/watch?v=bLH3X4Ug0nk
2454,240,LI,last16,13-May-2009,Sport Recife,Palmeiras,Fumagalli,Marcos,0.0,0.0,1.0,3.0,0.0,1.0,0.0,1.0,0.0,0,1.0,-1.0,0,https://www.transfermarkt.com/spielbericht/index/spielbericht/945590,https://www.youtube.com/watch?v=bLH3X4Ug0nk
2455,240,LI,last16,13-May-2009,Sport Recife,Palmeiras,Dutra,Marcos,0.0,0.0,1.0,4.0,0.0,1.0,0.0,1.0,0.0,1,1.0,-2.0,0,https://www.transfermarkt.com/spielbericht/index/spielbericht/945590,https://www.youtube.com/watch?v=bLH3X4Ug0nk
2456,241,LI,last16,5-May-2010,Universitario,Sao Paulo,Luis Ramirez,Rogerio Ceni,1.0,0.0,0.0,1.0,1.0,0.0,0.0,0.0,0.0,0,0.0,0.0,0,https://www.transfermarkt.com/spielbericht/index/spielbericht/1010611,https://www.youtube.com/watch?v=J7GJdrKbLqo
2457,241,LI,last16,5-May-2010,Universitario,Sao Paulo,Piero Alva,Rogerio Ceni,0.0,0.0,1.0,2.0,1.0,0.0,0.0,0.0,0.0,0,1.0,1.0,0,https://www.transfermarkt.com/spielbericht/index/spielbericht/1010611,https://www.youtube.com/watch?v=J7GJdrKbLqo
2458,241,LI,last16,5-May-2010,Universitario,Sao Paulo,Carlos Galvan,Rogerio Ceni,0.0,0.0,1.0,3.0,1.0,0.0,0.0,0.0,0.0,0,1.0,0.0,0,https://www.transfermarkt.com/spielbericht/index/spielbericht/1010611,https://www.youtube.com/watch?v=J7GJdrKbLqo
2459,241,LI,last16,5-May-2010,Universitario,Sao Paulo,Gianfranco Labarthe,Rogerio Ceni,0.0,1.0,0.0,4.0,1.0,0.0,0.0,0.0,0.0,0,1.0,-1.0,0,https://www.transfermarkt.com/spielbericht/index/spielbericht/1010611,https://www.youtube.com/watch?v=J7GJdrKbLqo
2460,241,LI,last16,5-May-2010,Sao Paulo,Universitario,Rogerio Ceni,Luis Llontop,0.0,0.0,1.0,1.0,0.0,0.0,0.0,1.0,0.0,0,0.0,-1.0,1,https://www.transfermarkt.com/spielbericht/index/spielbericht/1010611,https://www.youtube.com/watch?v=J7GJdrKbLqo
2461,241,LI,last16,5-May-2010,Sao Paulo,Universitario,Hernanes,Luis Llontop,1.0,0.0,0.0,2.0,0.0,0.0,0.0,1.0,0.0,0,0.0,-1.0,1,https://www.transfermarkt.com/spielbericht/index/spielbericht/1010611,https://www.youtube.com/watch?v=J7GJdrKbLqo
2462,241,LI,last16,5-May-2010,Sao Paulo,Universitario,Marcelinho Paraiba,Luis Llontop,1.0,0.0,0.0,3.0,0.0,0.0,0.0,1.0,0.0,0,1.0,0.0,1,https://www.transfermarkt.com/spielbericht/index/spielbericht/1010611,https://www.youtube.com/watch?v=J7GJdrKbLqo
2463,241,LI,last16,5-May-2010,Sao Paulo,Universitario,Dagoberto,Luis Llontop,1.0,0.0,0.0,4.0,0.0,0.0,0.0,1.0,1.0,0,2.0,1.0,1,https://www.transfermarkt.com/spielbericht/index/spielbericht/1010611,https://www.youtube.com/watch?v=J7GJdrKbLqo
2464,242,LI,last16,5-May-2010,Cerro Porteno,Estudiantes,Julio dos Santos,Agustin Orion,1.0,0.0,0.0,1.0,1.0,0.0,0.0,1.0,0.0,0,0.0,0.0,1,https://www.transfermarkt.com/spielbericht/index/spielbericht/1097419,https://www.youtube.com/watch?v=daZ1GeefZEE
2473,243,LI,last16,10-May-2012,Lanus,Vasco da Gama,Mario Regueiro,Fernando Prass,1.0,0.0,0.0,1.0,1.0,2.0,0.0,1.0,0.0,0,0.0,0.0,0,https://www.transfermarkt.com/spielbericht/index/spielbericht/2207474,https://www.youtube.com/watch?v=BtD5pxXeiZQ
2474,243,LI,last16,10-May-2012,Lanus,Vasco da Gama,Silvio Romero,Fernando Prass,0.0,1.0,0.0,2.0,1.0,2.0,0.0,1.0,0.0,0,1.0,0.0,0,https://www.transfermarkt.com/spielbericht/index/spielbericht/2207474,https://www.youtube.com/watch?v=BtD5pxXeiZQ
2475,243,LI,last16,10-May-2012,Lanus,Vasco da Gama,Maximiliano Velazquez,Fernando Prass,1.0,0.0,0.0,3.0,1.0,2.0,0.0,1.0,0.0,0,1.0,-1.0,0,https://www.transfermarkt.com/spielbericht/index/spielbericht/2207474,https://www.youtube.com/watch?v=BtD5pxXeiZQ
2476,243,LI,last16,10-May-2012,Lanus,Vasco da Gama,Mauro Camoranesi,Fernando Prass,1.0,0.0,0.0,4.0,1.0,2.0,0.0,1.0,0.0,0,2.0,-1.0,0,https://www.transfermarkt.com/spielbericht/index/spielbericht/2207474,https://www.youtube.com/watch?v=BtD5pxXeiZQ
2477,243,LI,last16,10-May-2012,Lanus,Vasco da Gama,Matias Fritzler,Fernando Prass,1.0,0.0,0.0,5.0,1.0,2.0,0.0,1.0,0.0,1,3.0,-1.0,0,https://www.transfermarkt.com/spielbericht/index/spielbericht/2207474,https://www.youtube.com/watch?v=BtD5pxXeiZQ
2478,243,LI,last16,10-May-2012,Vasco da Gama,Lanus,Felipe Loureiro,Agustin Marchesin,1.0,0.0,0.0,1.0,0.0,1.0,0.0,0.0,0.0,0,0.0,-1.0,1,https://www.transfermarkt.com/spielbericht/index/spielbericht/2207474,https://www.youtube.com/watch?v=BtD5pxXeiZQ
2479,243,LI,last16,10-May-2012,Vasco da Gama,Lanus,Juninho Pernambucano,Agustin Marchesin,1.0,0.0,0.0,2.0,0.0,1.0,0.0,0.0,0.0,0,1.0,0.0,1,https://www.transfermarkt.com/spielbericht/index/spielbericht/2207474,https://www.youtube.com/watch?v=BtD5pxXeiZQ
2480,243,LI,last16,10-May-2012,Vasco da Gama,Lanus,Carlos Alberto,Agustin Marchesin,1.0,0.0,0.0,3.0,0.0,1.0,0.0,0.0,0.0,0,2.0,0.0,1,https://www.transfermarkt.com/spielbericht/index/spielbericht/2207474,https://www.youtube.com/watch?v=BtD5pxXeiZQ
2481,243,LI,last16,10-May-2012,Vasco da Gama,Lanus,Renato Silva,Agustin Marchesin,1.0,0.0,0.0,4.0,0.0,1.0,0.0,0.0,0.0,0,3.0,0.0,1,https://www.transfermarkt.com/spielbericht/index/spielbericht/2207474,https://www.youtube.com/watch?v=BtD5pxXeiZQ
2482,243,LI,last16,10-May-2012,Vasco da Gama,Lanus,Alecsandro,Agustin Marchesin,1.0,0.0,0.0,5.0,0.0,1.0,0.0,0.0,1.0,0,4.0,0.0,1,https://www.transfermarkt.com/spielbericht/index/spielbericht/2207474,https://www.youtube.com/watch?v=BtD5pxXeiZQ
2500,246,LI,last16,26-Apr-2013,Real Garcilaso,Nacional,Fabio Ramos,Jorge Bava,1.0,0.0,0.0,1.0,1.0,0.0,1.0,0.0,0.0,0,0.0,0.0,1,https://www.transfermarkt.com/spielbericht/index/spielbericht/2312797,https://www.youtube.com/watch?v=3C7w3kLXbpg
2501,246,LI,last16,26-Apr-2013,Real Garcilaso,Nacional,Victor Ferreira,Jorge Bava,1.0,0.0,0.0,2.0,1.0,0.0,1.0,0.0,0.0,0,1.0,1.0,1,https://www.transfermarkt.com/spielbericht/index/spielbericht/2312797,https://www.youtube.com/watch?v=3C7w3kLXbpg
2502,246,LI,last16,26-Apr-2013,Real Garcilaso,Nacional,Cristian Vildoso,Jorge Bava,1.0,0.0,0.0,3.0,1.0,0.0,1.0,0.0,0.0,0,2.0,1.0,1,https://www.transfermarkt.com/spielbericht/index/spielbericht/2312797,https://www.youtube.com/watch?v=3C7w3kLXbpg
2503,246,LI,last16,26-Apr-2013,Real Garcilaso,Nacional,Oscar Moises Gamarra,Jorge Bava,1.0,0.0,0.0,4.0,1.0,0.0,1.0,0.0,1.0,0,3.0,2.0,1,https://www.transfermarkt.com/spielbericht/index/spielbericht/2312797,https://www.youtube.com/watch?v=3C7w3kLXbpg
2504,246,LI,last16,26-Apr-2013,Nacional,Real Garcilaso,Alvaro Recoba,Diego Carranza,0.0,1.0,0.0,1.0,0.0,1.0,1.0,0.0,0.0,0,0.0,-1.0,0,https://www.transfermarkt.com/spielbericht/index/spielbericht/2312797,https://www.youtube.com/watch?v=3C7w3kLXbpg
2505,246,LI,last16,26-Apr-2013,Nacional,Real Garcilaso,Adrian Romero,Diego Carranza,1.0,0.0,0.0,2.0,0.0,1.0,1.0,0.0,0.0,0,0.0,-2.0,0,https://www.transfermarkt.com/spielbericht/index/spielbericht/2312797,https://www.youtube.com/watch?v=3C7w3kLXbpg
2506,246,LI,last16,26-Apr-2013,Nacional,Real Garcilaso,Diego Arismendi,Diego Carranza,0.0,1.0,0.0,3.0,0.0,1.0,1.0,0.0,0.0,0,1.0,-2.0,0,https://www.transfermarkt.com/spielbericht/index/spielbericht/2312797,https://www.youtube.com/watch?v=3C7w3kLXbpg
2533,248,LI,semi,11-Jul-2013,Atletico Mineiro,Newell's,Alecsandro,Nahuel Guzman,1.0,0.0,0.0,1.0,1.0,2.0,0.0,1.0,0.0,0,0.0,0.0,1,https://www.transfermarkt.com/spielbericht/index/spielbericht/2318652,https://www.youtube.com/watch?v=sztJZv1IiGU
2534,248,LI,semi,11-Jul-2013,Atletico Mineiro,Newell's,Guilherme,Nahuel Guzman,1.0,0.0,0.0,2.0,1.0,2.0,0.0,1.0,0.0,0,1.0,0.0,1,https://www.transfermarkt.com/spielbericht/index/spielbericht/2318652,https://www.youtube.com/watch?v=sztJZv1IiGU
2535,248,LI,semi,11-Jul-2013,Atletico Mineiro,Newell's,Jo,Nahuel Guzman,0.0,1.0,0.0,3.0,1.0,2.0,0.0,1.0,0.0,0,2.0,0.0,1,https://www.transfermarkt.com/spielbericht/index/spielbericht/2318652,https://www.youtube.com/watch?v=sztJZv1IiGU
2536,248,LI,semi,11-Jul-2013,Atletico Mineiro,Newell's,Richarlyson,Nahuel Guzman,0.0,1.0,0.0,4.0,1.0,2.0,0.0,1.0,0.0,0,2.0,0.0,1,https://www.transfermarkt.com/spielbericht/index/spielbericht/2318652,https://www.youtube.com/watch?v=sztJZv1IiGU
2537,248,LI,semi,11-Jul-2013,Atletico Mineiro,Newell's,Ronaldinho Gaucho,Nahuel Guzman,1.0,0.0,0.0,5.0,1.0,2.0,0.0,1.0,0.0,0,2.0,0.0,1,https://www.transfermarkt.com/spielbericht/index/spielbericht/2318652,https://www.youtube.com/watch?v=sztJZv1IiGU
2538,248,LI,semi,11-Jul-2013,Newell's,Atletico Mineiro,Ignacio Scocco,Victor,1.0,0.0,0.0,1.0,0.0,0.0,0.0,0.0,0.0,0,0.0,-1.0,0,https://www.transfermarkt.com/spielbericht/index/spielbericht/2318652,https://www.youtube.com/watch?v=sztJZv1IiGU
2539,248,LI,semi,11-Jul-2013,Newell's,Atletico Mineiro,Santiago Vergini,Victor,1.0,0.0,0.0,2.0,0.0,0.0,0.0,0.0,0.0,0,1.0,-1.0,0,https://www.transfermarkt.com/spielbericht/index/spielbericht/2318652,https://www.youtube.com/watch?v=sztJZv1IiGU
2540,248,LI,semi,11-Jul-2013,Newell's,Atletico Mineiro,Milton Casco,Victor,0.0,1.0,0.0,3.0,0.0,0.0,0.0,0.0,0.0,0,2.0,0.0,0,https://www.transfermarkt.com/spielbericht/index/spielbericht/2318652,https://www.youtube.com/watch?v=sztJZv1IiGU
2541,248,LI,semi,11-Jul-2013,Newell's,Atletico Mineiro,Rinaldo Cruzado,Victor,0.0,1.0,0.0,4.0,0.0,0.0,0.0,0.0,0.0,0,2.0,0.0,0,https://www.transfermarkt.com/spielbericht/index/spielbericht/2318652,https://www.youtube.com/watch?v=sztJZv1IiGU
2542,248,LI,semi,11-Jul-2013,Newell's,Atletico Mineiro,Maxi Rodriguez,Victor,0.0,0.0,1.0,5.0,0.0,0.0,0.0,0.0,0.0,1,2.0,-1.0,0,https://www.transfermarkt.com/spielbericht/index/spielbericht/2318652,https://www.youtube.com/watch?v=sztJZv1IiGU
2921,287,EL,last16,28-Feb-2002,Roda JC,Milan,Giannis Anastasiou,Christian Abbiati,1.0,0.0,0.0,1.0,1.0,1.0,0.0,0.0,0.0,0,0.0,0.0,0,https://www.transfermarkt.us/spielbericht/index/spielbericht/1173398,https://www.youtube.com/watch?v=5-fuOd4LAgs
2922,287,EL,last16,28-Feb-2002,Roda JC,Milan,Garba Lawal,Christian Abbiati,1.0,0.0,0.0,2.0,1.0,1.0,0.0,0.0,0.0,0,1.0,0.0,0,https://www.transfermarkt.us/spielbericht/index/spielbericht/1173398,https://www.youtube.com/watch?v=5-fuOd4LAgs
2923,287,EL,last16,28-Feb-2002,Roda JC,Milan,Tom Soetaers,Christian Abbiati,0.0,0.0,1.0,3.0,1.0,1.0,0.0,0.0,0.0,0,2.0,1.0,0,https://www.transfermarkt.us/spielbericht/index/spielbericht/1173398,https://www.youtube.com/watch?v=5-fuOd4LAgs
2924,287,EL,last16,28-Feb-2002,Roda JC,Milan,Mark Luijpers,Christian Abbiati,0.0,0.0,1.0,4.0,1.0,1.0,0.0,0.0,0.0,0,2.0,1.0,0,https://www.transfermarkt.us/spielbericht/index/spielbericht/1173398,https://www.youtube.com/watch?v=5-fuOd4LAgs
2925,287,EL,last16,28-Feb-2002,Roda JC,Milan,Eric van der Luer,Christian Abbiati,0.0,1.0,0.0,5.0,1.0,1.0,0.0,0.0,0.0,0,2.0,0.0,0,https://www.transfermarkt.us/spielbericht/index/spielbericht/1173398,https://www.youtube.com/watch?v=5-fuOd4LAgs
2926,287,EL,last16,28-Feb-2002,Milan,Roda JC,Cristian Brocchi,Zeljko Kalac,1.0,0.0,0.0,1.0,0.0,0.0,0.0,0.0,0.0,0,0.0,-1.0,1,https://www.transfermarkt.us/spielbericht/index/spielbericht/1173398,https://www.youtube.com/watch?v=5-fuOd4LAgs
2927,287,EL,last16,28-Feb-2002,Milan,Roda JC,Jose Mari,Zeljko Kalac,0.0,0.0,1.0,2.0,0.0,0.0,0.0,0.0,0.0,0,1.0,-1.0,1,https://www.transfermarkt.us/spielbericht/index/spielbericht/1173398,https://www.youtube.com/watch?v=5-fuOd4LAgs
2928,287,EL,last16,28-Feb-2002,Milan,Roda JC,Kakhaber Kaladze,Zeljko Kalac,0.0,0.0,1.0,3.0,0.0,0.0,0.0,0.0,0.0,0,1.0,-1.0,1,https://www.transfermarkt.us/spielbericht/index/spielbericht/1173398,https://www.youtube.com/watch?v=5-fuOd4LAgs
2929,287,EL,last16,28-Feb-2002,Milan,Roda JC,Andrea Pirlo,Zeljko Kalac,1.0,0.0,0.0,4.0,0.0,0.0,0.0,0.0,0.0,0,1.0,-1.0,1,https://www.transfermarkt.us/spielbericht/index/spielbericht/1173398,https://www.youtube.com/watch?v=5-fuOd4LAgs
2930,287,EL,last16,28-Feb-2002,Milan,Roda JC,Cosmin Contra,Zeljko Kalac,1.0,0.0,0.0,5.0,0.0,0.0,0.0,0.0,1.0,0,2.0,0.0,1,https://www.transfermarkt.us/spielbericht/index/spielbericht/1173398,https://www.youtube.com/watch?v=5-fuOd4LAgs
